val_0,val_1,val_2,val_3,val_4,val_5,val_6,val_7,val_8,val_9,val_10,val_11
0.2717795968055725,-0.4957484006881714,0.2840849757194519,-0.08732135593891144,-0.206948384642601,-0.7701463103294373,0.28118717670440674,0.9160266518592834,-0.194097101688385,-0.9243263006210327,-0.37667059898376465,-0.38280510902404785
0.26087382435798645,-0.4489096999168396,0.17291110754013062,0.2577480971813202,-0.2816907465457916,-1.6385234594345093,0.4346963167190552,0.9341487884521484,0.7044309973716736,-0.4883841276168823,-0.5159323215484619,-0.5899817943572998
0.3176998198032379,-0.6623560190200806,0.1234455406665802,0.6420971155166626,-0.5570181608200073,-1.6610873937606812,0.2661247253417969,0.7255286574363708,1.4719436168670654,0.7017844319343567,-0.1751853972673416,0.03582543134689331
0.4332484304904938,-0.4604227542877197,-0.20100945234298706,0.4856732487678528,-1.0339336395263672,-1.6795076131820679,-0.2742823362350464,0.25351768732070923,1.7209947109222412,1.9564281702041626,0.16189122200012207,0.3648501932621002
0.27731379866600037,0.066338449716568,-0.22461408376693726,0.2332114279270172,-1.192225694656372,-1.650715947151184,-0.8288142085075378,0.3473794460296631,1.642787218093872,2.7834432125091553,0.21240174770355225,0.45654383301734924
0.10624679177999496,0.050545260310173035,0.28176817297935486,0.2075130045413971,-0.4754461646080017,-1.177905797958374,-0.9716715812683105,0.3704683184623718,1.5445866584777832,3.1289424896240234,0.15925461053848267,0.9895131587982178
0.27414992451667786,-0.0689816027879715,-0.0586082860827446,-0.15919239819049835,-0.5019694566726685,-0.46038398146629333,-0.8864689469337463,0.01547570526599884,0.8716512322425842,1.9266242980957031,0.6684974431991577,1.6400513648986816
0.0010830983519554138,0.19697122275829315,-0.1711844801902771,0.12376090884208679,-0.0777391791343689,-0.5398565530776978,0.17166180908679962,0.13794000446796417,1.8232145309448242,2.531484603881836,0.7442256212234497,1.454094648361206
0.22690609097480774,-0.02702687680721283,0.05273839086294174,0.14256083965301514,0.11918589472770691,-0.08096162974834442,0.004997506737709045,0.5693768858909607,1.3213996887207031,2.176260232925415,0.4676993787288666,0.9830036163330078
0.35328516364097595,-0.04021523892879486,0.09228269755840302,0.02040329948067665,0.14631491899490356,0.016160983592271805,0.07610955834388733,0.7903124094009399,0.7749208211898804,1.6325384378433228,0.10203179717063904,0.605254054069519
0.4302491247653961,-0.08729091286659241,0.10333242267370224,-0.04400261864066124,0.10676975548267365,0.06920447945594788,0.131273552775383,0.9141770601272583,0.41685718297958374,1.372446894645691,-0.14309161901474,0.4117349088191986
0.45813408493995667,-0.09827031195163727,0.08063306659460068,-0.0655963271856308,0.07881477475166321,0.105943962931633,0.1683252602815628,0.9621363878250122,0.28596189618110657,1.3294790983200073,-0.25633472204208374,0.32434895634651184
0.4582718312740326,-0.08840255439281464,0.05794345587491989,-0.06929461658000946,0.09034167230129242,0.16281984746456146,0.20648328959941864,0.9864675998687744,0.23774990439414978,1.325473427772522,-0.3037390112876892,0.2803550660610199
0.4628641605377197,-0.06197662651538849,0.058458976447582245,-0.07642139494419098,0.11006997525691986,0.22688443958759308,0.2437153309583664,1.0152196884155273,0.17970088124275208,1.3010598421096802,-0.35551315546035767,0.22375252842903137
0.4708110988140106,-0.04476110637187958,0.060781218111515045,-0.0965476781129837,0.1263836920261383,0.29063788056373596,0.28371262550354004,1.0485808849334717,0.10397425293922424,1.2278434038162231,-0.4192800521850586,0.1491626799106598
0.4844849407672882,-0.026455312967300415,0.061635084450244904,-0.12149417400360107,0.12494207918643951,0.3588732182979584,0.32718372344970703,1.0820523500442505,0.017146021127700806,1.1522245407104492,-0.48918601870536804,0.06482687592506409
0.5119709372520447,-0.011735573410987854,0.05646225064992905,-0.15100517868995667,0.11180301010608673,0.4125158488750458,0.36767393350601196,1.1148370504379272,-0.0768701583147049,1.0826157331466675,-0.5489879846572876,-0.02220854163169861
0.5162085890769958,0.0067155808210372925,0.04856390506029129,-0.17477142810821533,0.11933127045631409,0.4742247760295868,0.4156108498573303,1.1388782262802124,-0.16791318356990814,1.0426504611968994,-0.5917409062385559,-0.08342328667640686
0.5333966016769409,0.03631642460823059,0.035637713968753815,-0.20378851890563965,0.10906010866165161,0.5452921986579895,0.45588088035583496,1.159598469734192,-0.2531457841396332,1.0096864700317383,-0.6161053776741028,-0.1512613594532013
0.5523927211761475,0.07502603530883789,0.012460507452487946,-0.23860400915145874,0.09238772094249725,0.6346141695976257,0.49993735551834106,1.173119306564331,-0.3406670093536377,0.9902418255805969,-0.6205023527145386,-0.21663519740104675
0.5688995122909546,0.11222296953201294,-0.011263258755207062,-0.27676770091056824,0.07377287745475769,0.7081777453422546,0.5378404259681702,1.1836915016174316,-0.43589597940444946,0.9829488396644592,-0.6149725317955017,-0.2826249599456787
0.5893812775611877,0.1534728854894638,-0.03997492045164108,-0.32028666138648987,0.04777679219841957,0.789893388748169,0.5742596387863159,1.1919447183609009,-0.5358299016952515,0.9777796864509583,-0.5959945917129517,-0.3506947159767151
0.6122897863388062,0.20399408042430878,-0.08340627700090408,-0.37085163593292236,0.009569230489432812,0.8723748922348022,0.6198331117630005,1.1886162757873535,-0.6424217224121094,0.9822025895118713,-0.5655019283294678,-0.41587576270103455
0.6319944858551025,0.23655395209789276,-0.12430160492658615,-0.41203874349594116,-0.029286500066518784,0.9497893452644348,0.6565847992897034,1.193277359008789,-0.7346795201301575,0.9862944483757019,-0.5221737623214722,-0.4864581525325775
0.6609577536582947,0.2772529721260071,-0.16886144876480103,-0.4560965299606323,-0.07646825909614563,1.0363054275512695,0.6970754265785217,1.1915408372879028,-0.8260007500648499,0.9858987927436829,-0.46853187680244446,-0.548170804977417
0.6842514872550964,0.31165993213653564,-0.20410731434822083,-0.4995211362838745,-0.12195336818695068,1.0957335233688354,0.7302838563919067,1.184396505355835,-0.9229833483695984,0.9908154606819153,-0.4228600263595581,-0.5952919721603394
0.7101621627807617,0.3385591506958008,-0.24966883659362793,-0.5373899936676025,-0.17602717876434326,1.1597063541412354,0.7668461203575134,1.1835657358169556,-1.0044121742248535,0.9776050448417664,-0.3753398060798645,-0.6471841335296631
0.6904966235160828,0.36969226598739624,-0.3158763349056244,-0.580106794834137,-0.16108670830726624,1.1797808408737183,0.8527346849441528,1.142809510231018,-1.0811233520507812,0.9336743950843811,-0.31291651725769043,-0.6162737607955933
0.6551869511604309,0.3835180401802063,-0.3604564070701599,-0.6039707064628601,-0.1307370960712433,1.1782835721969604,0.9360191226005554,1.1174768209457397,-1.1212393045425415,0.8570019602775574,-0.2589999735355377,-0.568817675113678
0.6318157911300659,0.386117160320282,-0.3609147369861603,-0.6076244115829468,-0.10463875532150269,1.1852740049362183,0.9811856150627136,1.11506187915802,-1.1357014179229736,0.8063681721687317,-0.22784516215324402,-0.5290566682815552
0.6259657144546509,0.38752466440200806,-0.33903005719184875,-0.6067708730697632,-0.09367206692695618,1.2091046571731567,0.9916811585426331,1.1213711500167847,-1.1422712802886963,0.7907041907310486,-0.22294649481773376,-0.5194718837738037
0.629792332649231,0.39714497327804565,-0.3229498565196991,-0.6178650856018066,-0.10228407382965088,1.2379649877548218,0.9928414225578308,1.1154617071151733,-1.1675053834915161,0.7798175811767578,-0.23279401659965515,-0.5228452682495117
0.625490665435791,0.41280853748321533,-0.330134779214859,-0.6358622312545776,-0.10177484154701233,1.260661005973816,1.0142139196395874,1.0951837301254272,-1.1982686519622803,0.7550253868103027,-0.22934845089912415,-0.519237220287323
0.614809513092041,0.4319921135902405,-0.34503403306007385,-0.6516203880310059,-0.09294110536575317,1.2798453569412231,1.0485775470733643,1.0729460716247559,-1.2248814105987549,0.7215263247489929,-0.2072221040725708,-0.5047937631607056
0.5985672473907471,0.4454212188720703,-0.34629711508750916,-0.662021279335022,-0.0836624801158905,1.2875406742095947,1.0743484497070312,1.058733344078064,-1.2459657192230225,0.6834610104560852,-0.19216078519821167,-0.48831385374069214
0.5823057889938354,0.4584110379219055,-0.3431897461414337,-0.6672431230545044,-0.06697186827659607,1.2958029508590698,1.097502589225769,1.046770453453064,-1.2563600540161133,0.6497127413749695,-0.17790019512176514,-0.47210320830345154
0.5697617530822754,0.47102445363998413,-0.33414140343666077,-0.669528603553772,-0.05199616774916649,1.3064881563186646,1.113272786140442,1.0381723642349243,-1.2613558769226074,0.6242436170578003,-0.16820937395095825,-0.459695965051651
0.5610859990119934,0.48341524600982666,-0.3234764635562897,-0.6713519096374512,-0.041908349841833115,1.3220748901367188,1.1240936517715454,1.0311920642852783,-1.266810655593872,0.6036621332168579,-0.1616142839193344,-0.4523039162158966
0.5552847981452942,0.4985044598579407,-0.31567370891571045,-0.6753312945365906,-0.03487556800246239,1.3391218185424805,1.1347397565841675,1.0217649936676025,-1.2748594284057617,0.5859079957008362,-0.15520834922790527,-0.4463455379009247
0.5499670505523682,0.5148475766181946,-0.3100835978984833,-0.6811022758483887,-0.03050478920340538,1.3576737642288208,1.1456421613693237,1.0111557245254517,-1.2876200675964355,0.5699751377105713,-0.14836600422859192,-0.4411371052265167
0.5477348566055298,0.5370185971260071,-0.3149375021457672,-0.6889715194702148,-0.03164660558104515,1.387843132019043,1.1612862348556519,0.9988337159156799,-1.3020639419555664,0.5573673844337463,-0.13177737593650818,-0.43797484040260315
0.5404329299926758,0.5534607768058777,-0.31193771958351135,-0.6972011923789978,-0.0296931229531765,1.394015908241272,1.1732503175735474,0.9838153123855591,-1.31876540184021,0.5374314188957214,-0.12071552872657776,-0.42779162526130676
0.5283553600311279,0.5694084763526917,-0.3076924979686737,-0.7019832134246826,-0.019012656062841415,1.403182864189148,1.1869301795959473,0.9724352955818176,-1.3291149139404297,0.5150337815284729,-0.11112311482429504,-0.4189271926879883
0.5196647644042969,0.586179792881012,-0.3018559515476227,-0.7042418718338013,-0.009420749731361866,1.4156293869018555,1.1977437734603882,0.964252233505249,-1.3332738876342773,0.4960308372974396,-0.10034701228141785,-0.4119633138179779
0.5132538080215454,0.6008220314979553,-0.2950785756111145,-0.7045323252677917,-0.002159533090889454,1.4296247959136963,1.2067643404006958,0.9585511088371277,-1.335096836090088,0.47787901759147644,-0.08950924873352051,-0.40590253472328186
0.5097758769989014,0.6154698133468628,-0.28788211941719055,-0.7053332924842834,0.002695920877158642,1.4449740648269653,1.214897871017456,0.9529335498809814,-1.3385584354400635,0.46298015117645264,-0.08112293481826782,-0.4000990688800812
0.5094168782234192,0.6302448511123657,-0.27988141775131226,-0.7077389359474182,0.0013697771355509758,1.4650801420211792,1.219657063484192,0.9482887983322144,-1.3478937149047852,0.45318225026130676,-0.07579970359802246,-0.3972686231136322
0.5146463513374329,0.6516926288604736,-0.2830311954021454,-0.7143852710723877,-0.009316381998360157,1.4998265504837036,1.2274569272994995,0.9412162899971008,-1.3629379272460938,0.45069777965545654,-0.06255099177360535,-0.398576557636261
0.5152694582939148,0.6693134903907776,-0.28091663122177124,-0.7247631549835205,-0.020613666623830795,1.512041449546814,1.2316229343414307,0.9285743236541748,-1.3849070072174072,0.43914249539375305,-0.05595991015434265,-0.3944317102432251
0.5159014463424683,0.6934848427772522,-0.2904368042945862,-0.7348141670227051,-0.030619915574789047,1.5438672304153442,1.243580937385559,0.9179163575172424,-1.404256820678711,0.43132853507995605,-0.03824812173843384,-0.39495623111724854
0.5113033056259155,0.7130503058433533,-0.28709876537323,-0.7473534345626831,-0.03617998585104942,1.5472947359085083,1.2477306127548218,0.9017597436904907,-1.4276785850524902,0.4186868965625763,-0.03471732139587402,-0.38693317770957947
0.5362614393234253,0.7345526814460754,-0.3130851686000824,-0.7556167244911194,-0.0748051106929779,1.5801124572753906,1.2645777463912964,0.9050889611244202,-1.4371769428253174,0.3926594853401184,-0.0036957859992980957,-0.41210418939590454
0.5053267478942871,0.7424152493476868,-0.30715295672416687,-0.765081524848938,-0.05178451165556908,1.564668893814087,1.2779525518417358,0.8794869780540466,-1.4674227237701416,0.372914582490921,-0.010017424821853638,-0.3735511898994446
0.49934712052345276,0.7527191042900085,-0.29434603452682495,-0.7605774998664856,-0.04140942916274071,1.590347170829773,1.2779337167739868,0.883019208908081,-1.459960699081421,0.362762451171875,-0.00026598572731018066,-0.3681432902812958
0.5086562633514404,0.7615728974342346,-0.26413583755493164,-0.7562023401260376,-0.05338680371642113,1.6135605573654175,1.2573020458221436,0.8950668573379517,-1.463653802871704,0.3754803538322449,-0.010801553726196289,-0.37653523683547974
0.5163779258728027,0.7816028594970703,-0.2580254077911377,-0.7654436826705933,-0.06766992807388306,1.6459929943084717,1.2491512298583984,0.8866339921951294,-1.4843251705169678,0.3849004805088043,-0.01585543155670166,-0.3799031376838684
0.5178939700126648,0.7976295948028564,-0.2639833092689514,-0.7818553447723389,-0.08563181757926941,1.674293041229248,1.2490887641906738,0.8718143701553345,-1.5166373252868652,0.3757621645927429,-0.016396939754486084,-0.382906436920166
0.5170112252235413,0.8216435313224792,-0.2715871334075928,-0.8008366823196411,-0.09650951623916626,1.6927729845046997,1.2541502714157104,0.8534265160560608,-1.5455152988433838,0.3644731640815735,-0.013615816831588745,-0.3814390003681183
0.5103276968002319,0.8435316681861877,-0.2712763249874115,-0.8146522045135498,-0.10223603248596191,1.7127373218536377,1.253269910812378,0.8393569588661194,-1.5720844268798828,0.36297687888145447,-0.011542081832885742,-0.3764631152153015
0.5070707201957703,0.8546759486198425,-0.27305102348327637,-0.824776828289032,-0.1133652925491333,1.7307720184326172,1.2512530088424683,0.8328678011894226,-1.5920917987823486,0.3532528579235077,-0.009845554828643799,-0.3830454349517822
0.5040402412414551,0.8708540797233582,-0.2771024703979492,-0.8351872563362122,-0.11226880550384521,1.7403208017349243,1.258086085319519,0.8198997974395752,-1.60548996925354,0.3413209617137909,-0.006534546613693237,-0.37898725271224976
0.49899038672447205,0.8739347457885742,-0.27346694469451904,-0.835540771484375,-0.11097449064254761,1.7530344724655151,1.259706735610962,0.8190348744392395,-1.6111557483673096,0.3286619484424591,-0.001794278621673584,-0.3747485280036926
0.49738770723342896,0.8816210627555847,-0.26141077280044556,-0.8332968950271606,-0.10479259490966797,1.7704628705978394,1.2576357126235962,0.8199442028999329,-1.6128408908843994,0.33025893568992615,-0.0010449886322021484,-0.3672181963920593
0.5103088617324829,0.878656804561615,-0.247659832239151,-0.8298230767250061,-0.1273108422756195,1.8011599779129028,1.2429033517837524,0.8368415236473083,-1.6203641891479492,0.3331179916858673,-0.006289839744567871,-0.386253297328949
0.5206421613693237,0.8901849389076233,-0.2566165030002594,-0.841986358165741,-0.141056627035141,1.8234829902648926,1.2500402927398682,0.8237340450286865,-1.6438190937042236,0.33764222264289856,-0.008355438709259033,-0.3886681795120239
0.521672248840332,0.8989558815956116,-0.25289416313171387,-0.8570315837860107,-0.1546356976032257,1.8441193103790283,1.24490487575531,0.8112753033638,-1.677302598953247,0.33169713616371155,-0.014824539422988892,-0.3812640905380249
0.5251644849777222,0.9030582308769226,-0.2530902326107025,-0.8696008920669556,-0.17682784795761108,1.862181305885315,1.2377277612686157,0.8103078603744507,-1.7020275592803955,0.32220691442489624,-0.022301942110061646,-0.3963175415992737
0.5203489661216736,0.9162891507148743,-0.267306923866272,-0.8850874900817871,-0.17546457052230835,1.8668529987335205,1.2509677410125732,0.7897806167602539,-1.7238502502441406,0.31627848744392395,-0.023046255111694336,-0.3935072720050812
0.5129518508911133,0.9150962233543396,-0.2643741965293884,-0.89174485206604,-0.17338132858276367,1.868741750717163,1.250177025794983,0.7842774391174316,-1.7375414371490479,0.29661065340042114,-0.02492941915988922,-0.386691689491272
0.5078250169754028,0.9121218323707581,-0.25760310888290405,-0.888575553894043,-0.1643831729888916,1.8724204301834106,1.250935673713684,0.7878594398498535,-1.7347853183746338,0.28558099269866943,-0.025938913226127625,-0.38278889656066895
0.5115925073623657,0.9061413407325745,-0.24568533897399902,-0.879314661026001,-0.1627330183982849,1.8845213651657104,1.2452365159988403,0.8030762076377869,-1.726043701171875,0.28456559777259827,-0.027759075164794922,-0.387367308139801
0.5213207602500916,0.9019156098365784,-0.24299854040145874,-0.8721700310707092,-0.16722139716148376,1.9014352560043335,1.245633840560913,0.8139975666999817,-1.720479965209961,0.29260894656181335,-0.027888596057891846,-0.3961711525917053
0.5317729115486145,0.895941436290741,-0.2366669774055481,-0.8744942545890808,-0.18143057823181152,1.916029930114746,1.2386292219161987,0.8186558485031128,-1.7331774234771729,0.28848880529403687,-0.03407907485961914,-0.39744967222213745
0.5365298390388489,0.8942920565605164,-0.23688244819641113,-0.8819065093994141,-0.19183030724525452,1.9268131256103516,1.2383729219436646,0.8148877024650574,-1.7498581409454346,0.2828660309314728,-0.04211212694644928,-0.3979078531265259
0.5396010875701904,0.8940977454185486,-0.23368102312088013,-0.8893828988075256,-0.20388585329055786,1.9395214319229126,1.2326020002365112,0.8142410516738892,-1.7688522338867188,0.2834550440311432,-0.052679240703582764,-0.4026033580303192
0.5395382642745972,0.896313488483429,-0.235580712556839,-0.8996623754501343,-0.21027657389640808,1.9480582475662231,1.230596661567688,0.8065548539161682,-1.7880229949951172,0.2832455039024353,-0.06044641137123108,-0.40351641178131104
0.5371297001838684,0.8981552720069885,-0.23706552386283875,-0.9079756140708923,-0.21298915147781372,1.9545820951461792,1.2288962602615356,0.800459623336792,-1.8029232025146484,0.2818886637687683,-0.06561252474784851,-0.4041655361652374
0.5337811708450317,0.9008609652519226,-0.24357342720031738,-0.9129824042320251,-0.20945870876312256,1.9590723514556885,1.234364628791809,0.7937164306640625,-1.810347318649292,0.28528574109077454,-0.06577438116073608,-0.4055578410625458
0.5421011447906494,0.8980072140693665,-0.23881930112838745,-0.9182591438293457,-0.22301629185676575,1.9686673879623413,1.225660800933838,0.7969104051589966,-1.823296070098877,0.2824082374572754,-0.0696304440498352,-0.4100901484489441
0.5319116115570068,0.893673837184906,-0.24372237920761108,-0.9207088351249695,-0.211847722530365,1.964091181755066,1.2317343950271606,0.789674699306488,-1.8257577419281006,0.27195993065834045,-0.06892108917236328,-0.4007962644100189
0.5302550196647644,0.8869441151618958,-0.23679792881011963,-0.9147155284881592,-0.20550081133842468,1.9641376733779907,1.2289276123046875,0.7988041639328003,-1.8176226615905762,0.2685244679450989,-0.06945036351680756,-0.4014805853366852
0.5355612635612488,0.8791545629501343,-0.22861957550048828,-0.9068716764450073,-0.20773816108703613,1.970353364944458,1.2215203046798706,0.8132157921791077,-1.8093717098236084,0.2724371552467346,-0.07271434366703033,-0.40917083621025085
0.5445137023925781,0.8758676648139954,-0.23142969608306885,-0.9083801507949829,-0.21130439639091492,1.972199559211731,1.2239488363265991,0.8130030632019043,-1.8102080821990967,0.27110132575035095,-0.07483962178230286,-0.4107440412044525
0.5503250360488892,0.8732673525810242,-0.24334010481834412,-0.9093589782714844,-0.22216695547103882,1.996517300605774,1.2293708324432373,0.8159298300743103,-1.8168225288391113,0.2802221179008484,-0.0657789558172226,-0.4140271246433258
0.5526445508003235,0.8627586364746094,-0.23599207401275635,-0.9139485955238342,-0.23150920867919922,1.9843140840530396,1.2226701974868774,0.8133160471916199,-1.8283960819244385,0.2746656835079193,-0.07576282322406769,-0.4102924168109894
0.5494723320007324,0.8581664562225342,-0.23153430223464966,-0.9158297777175903,-0.23124101758003235,1.98312509059906,1.2180880308151245,0.814882755279541,-1.8340821266174316,0.27107319235801697,-0.08615870773792267,-0.41288092732429504
0.5566136240959167,0.8586452007293701,-0.2356550693511963,-0.9204725027084351,-0.2372789978981018,1.987242341041565,1.2196030616760254,0.812550961971283,-1.84169602394104,0.279079407453537,-0.09307007491588593,-0.42087846994400024
0.5468651652336121,0.8503932952880859,-0.23683658242225647,-0.9226095080375671,-0.22926867008209229,1.9802888631820679,1.2186046838760376,0.8082972168922424,-1.844949722290039,0.26808321475982666,-0.09291389584541321,-0.4105999767780304
0.5440013408660889,0.8455893993377686,-0.23119717836380005,-0.9168340563774109,-0.22153037786483765,1.9771486520767212,1.2158887386322021,0.8157393336296082,-1.8352720737457275,0.2667607367038727,-0.09282709658145905,-0.40995827317237854
0.5452805161476135,0.8411123156547546,-0.2278551459312439,-0.9105206727981567,-0.21801772713661194,1.9760171175003052,1.211877703666687,0.8244113922119141,-1.8255064487457275,0.2707187235355377,-0.09219956398010254,-0.41297802329063416
0.5620096325874329,0.8466399908065796,-0.24326401948928833,-0.9133439064025879,-0.23286166787147522,1.999979853630066,1.2191007137298584,0.8252094388008118,-1.8288259506225586,0.2871569097042084,-0.07943320274353027,-0.4202090799808502
0.556082010269165,0.8340641856193542,-0.24047526717185974,-0.9158308506011963,-0.23338544368743896,1.9820278882980347,1.2171629667282104,0.8210193514823914,-1.83445143699646,0.2776171565055847,-0.08253547549247742,-0.4113667905330658
0.5548093914985657,0.8290934562683105,-0.23263254761695862,-0.9133499264717102,-0.23422366380691528,1.980340600013733,1.2100516557693481,0.8273507952690125,-1.8349823951721191,0.2787821292877197,-0.08956104516983032,-0.414407879114151
0.5523204207420349,0.8254168629646301,-0.23273998498916626,-0.9132845997810364,-0.22874802350997925,1.9744771718978882,1.2091708183288574,0.8269369602203369,-1.8321666717529297,0.27634549140930176,-0.09328904747962952,-0.4147268235683441
0.574649453163147,0.8300963044166565,-0.24173665046691895,-0.9108551740646362,-0.24789857864379883,1.977441668510437,1.210579514503479,0.8410625457763672,-1.817582607269287,0.26302558183670044,-0.07161051034927368,-0.42052480578422546
0.561144232749939,0.8147501945495605,-0.23759689927101135,-0.9082518815994263,-0.24306178092956543,1.9768813848495483,1.2111082077026367,0.8368160724639893,-1.834502935409546,0.2834038734436035,-0.08303642272949219,-0.4109233617782593
0.5599777102470398,0.8167960047721863,-0.240310400724411,-0.9118907451629639,-0.23801028728485107,1.9751678705215454,1.2111737728118896,0.8296331167221069,-1.8359012603759766,0.292444109916687,-0.08880163729190826,-0.41375425457954407
0.561438262462616,0.8143168091773987,-0.23334509134292603,-0.9142606258392334,-0.2443200945854187,1.977774977684021,1.198577642440796,0.8328155875205994,-1.8396735191345215,0.2928515076637268,-0.09468227624893188,-0.4173073470592499
0.5595948100090027,0.8143141865730286,-0.23433873057365417,-0.9163079261779785,-0.2425660490989685,1.9768363237380981,1.1969422101974487,0.830261766910553,-1.8399617671966553,0.2932969927787781,-0.09687304496765137,-0.417601615190506
0.5590872764587402,0.8132392168045044,-0.23356080055236816,-0.9153672456741333,-0.24224767088890076,1.9774783849716187,1.1935878992080688,0.8322016596794128,-1.838167428970337,0.29720067977905273,-0.09634248912334442,-0.4187292754650116
0.5372101068496704,0.8126176595687866,-0.2150646448135376,-0.9146404266357422,-0.20537534356117249,1.9676624536514282,1.1895028352737427,0.8126201033592224,-1.8376123905181885,0.3232925534248352,-0.1093677431344986,-0.39614954590797424
0.5440656542778015,0.8074169158935547,-0.22703352570533752,-0.911179780960083,-0.21581166982650757,1.966840147972107,1.1859089136123657,0.8283551335334778,-1.8192124366760254,0.2938683032989502,-0.09850586950778961,-0.4184481203556061
0.550458550453186,0.8048117756843567,-0.22903501987457275,-0.9064486026763916,-0.2166043221950531,1.9600642919540405,1.1937167644500732,0.8358926177024841,-1.8118715286254883,0.2903490960597992,-0.09398028254508972,-0.41900745034217834
0.5541441440582275,0.7999207973480225,-0.2321036458015442,-0.9004096984863281,-0.21879282593727112,1.9586516618728638,1.196247935295105,0.8429351449012756,-1.805534839630127,0.29148921370506287,-0.08633492887020111,-0.4169657826423645
0.5579927563667297,0.7948870658874512,-0.2344459891319275,-0.8965240120887756,-0.2226545214653015,1.9578709602355957,1.1983965635299683,0.8462339043617249,-1.803166151046753,0.2950442135334015,-0.0800243467092514,-0.41289839148521423
0.5602080225944519,0.7918341159820557,-0.23641186952590942,-0.8955712914466858,-0.22609487175941467,1.9569820165634155,1.1996049880981445,0.8473475575447083,-1.8035283088684082,0.2983894646167755,-0.0765542984008789,-0.4103477895259857
0.5620747804641724,0.7888092994689941,-0.2375180721282959,-0.896896481513977,-0.23170006275177002,1.9564393758773804,1.198378324508667,0.8476763367652893,-1.8071134090423584,0.30174100399017334,-0.07636058330535889,-0.41126659512519836
0.5616266131401062,0.7884154915809631,-0.2375553548336029,-0.8994863033294678,-0.23552894592285156,1.956593632698059,1.1955409049987793,0.8473293781280518,-1.8123221397399902,0.30611175298690796,-0.07936486601829529,-0.4139951467514038
0.561897337436676,0.7889320850372314,-0.23738914728164673,-0.9027431011199951,-0.2402341067790985,1.9577850103378296,1.1913741827011108,0.8462491631507874,-1.8181211948394775,0.3114330470561981,-0.08306139707565308,-0.41800686717033386
0.5618996024131775,0.7895693182945251,-0.23787367343902588,-0.9058701992034912,-0.24435067176818848,1.9598101377487183,1.1876386404037476,0.8446893692016602,-1.8236687183380127,0.3166854679584503,-0.08579626679420471,-0.4213816225528717
0.5620262026786804,0.7903899550437927,-0.23958131670951843,-0.9087435603141785,-0.24702733755111694,1.9621143341064453,1.185736894607544,0.8419399857521057,-1.8286447525024414,0.3221251368522644,-0.08561719954013824,-0.4217715561389923
0.5613046288490295,0.7913218140602112,-0.24186071753501892,-0.9107164144515991,-0.24809616804122925,1.963526964187622,1.1848679780960083,0.8396398425102234,-1.8317928314208984,0.3263184428215027,-0.0833246260881424,-0.42099443078041077
0.5605741143226624,0.7917773127555847,-0.24351203441619873,-0.9114207029342651,-0.24852979183197021,1.9643906354904175,1.184025526046753,0.8388849496841431,-1.8329169750213623,0.33003589510917664,-0.08003289997577667,-0.4203994572162628
0.5618295073509216,0.7915458083152771,-0.245070219039917,-0.9104752540588379,-0.25056034326553345,1.9661461114883423,1.183008074760437,0.8405964374542236,-1.8313610553741455,0.3323059678077698,-0.07389666140079498,-0.42065170407295227
0.5620964169502258,0.7919301986694336,-0.2480050027370453,-0.9110347032546997,-0.24936741590499878,1.9636191129684448,1.185092806816101,0.8391169309616089,-1.8303430080413818,0.3331091105937958,-0.06917975842952728,-0.4185822010040283
0.5460852384567261,0.7891659140586853,-0.22841542959213257,-0.9119775891304016,-0.22306829690933228,1.9539040327072144,1.1791318655014038,0.8207054138183594,-1.8337385654449463,0.3620903789997101,-0.0841410756111145,-0.4027366042137146
0.5589914917945862,0.786555826663971,-0.23557674884796143,-0.9098917245864868,-0.24837106466293335,1.9674314260482788,1.166994333267212,0.8418453931808472,-1.8262760639190674,0.33908993005752563,-0.08012786507606506,-0.4306658208370209
0.5569808483123779,0.7881381511688232,-0.2533892095088959,-0.9141707420349121,-0.2383098304271698,1.9515573978424072,1.189718246459961,0.828744649887085,-1.8257591724395752,0.3232426345348358,-0.06841206550598145,-0.4153066575527191
0.5563493371009827,0.7802697420120239,-0.24876564741134644,-0.9042624831199646,-0.23760676383972168,1.9484858512878418,1.189663290977478,0.8407442569732666,-1.8165059089660645,0.32151854038238525,-0.06027096509933472,-0.40985122323036194
0.5623864531517029,0.7759701609611511,-0.24089184403419495,-0.8949114084243774,-0.24671828746795654,1.954697608947754,1.1788965463638306,0.8570005297660828,-1.8090941905975342,0.3347659707069397,-0.05985693633556366,-0.41696441173553467
0.5649620890617371,0.7749883532524109,-0.24694210290908813,-0.8961659669876099,-0.246290922164917,1.9517474174499512,1.1831927299499512,0.8533003926277161,-1.807729721069336,0.3344508707523346,-0.05716615915298462,-0.41498395800590515
0.5680527687072754,0.7730476260185242,-0.24592375755310059,-0.8965100049972534,-0.2528664469718933,1.9541741609573364,1.1807143688201904,0.8553566932678223,-1.811218023300171,0.33842936158180237,-0.057755425572395325,-0.41615667939186096
0.5693948268890381,0.7725438475608826,-0.24635502696037292,-0.8992290496826172,-0.2587781846523285,1.9560612440109253,1.177848219871521,0.8543239235877991,-1.8170692920684814,0.342049777507782,-0.06026312708854675,-0.41778960824012756
0.5702394247055054,0.7733019590377808,-0.24608147144317627,-0.9025874137878418,-0.2648122310638428,1.9592714309692383,1.1736583709716797,0.8531805872917175,-1.8238575458526611,0.34690380096435547,-0.06358602643013,-0.4205969274044037
0.5709465146064758,0.7749812602996826,-0.24680718779563904,-0.9065344929695129,-0.2698126435279846,1.963199257850647,1.1701956987380981,0.850502610206604,-1.830979347229004,0.3525547981262207,-0.06543606519699097,-0.42213401198387146
0.5672593116760254,0.7777641415596008,-0.24815672636032104,-0.9105625748634338,-0.2675524950027466,1.9635330438613892,1.1689443588256836,0.84581458568573,-1.8358376026153564,0.355135440826416,-0.0659739226102829,-0.42028701305389404
0.565970242023468,0.7790730595588684,-0.24816074967384338,-0.9125573635101318,-0.2675093114376068,1.9653159379959106,1.166786789894104,0.8423781991004944,-1.8397114276885986,0.35914146900177,-0.06509880721569061,-0.41819119453430176
0.5631301403045654,0.7799984812736511,-0.24370765686035156,-0.9120124578475952,-0.26301899552345276,1.9678930044174194,1.162442684173584,0.8415029048919678,-1.8381779193878174,0.3639504313468933,-0.0658799409866333,-0.4154699742794037
0.563372790813446,0.7775186896324158,-0.24044004082679749,-0.9103495478630066,-0.26932233572006226,1.9721351861953735,1.1533269882202148,0.8482555747032166,-1.8370068073272705,0.3681664764881134,-0.06801693141460419,-0.4246805012226105
0.5632089972496033,0.7795875072479248,-0.24804306030273438,-0.914513111114502,-0.26478517055511475,1.9671547412872314,1.1605716943740845,0.8388730883598328,-1.8383843898773193,0.3640086352825165,-0.06370306015014648,-0.4191601872444153
0.5595091581344604,0.7765740752220154,-0.24502032995224,-0.9134505391120911,-0.25998198986053467,1.96306312084198,1.1608326435089111,0.8391283750534058,-1.8378345966339111,0.3605714738368988,-0.06494417786598206,-0.41490235924720764
0.5612275004386902,0.7743867635726929,-0.2400595247745514,-0.908087432384491,-0.26302987337112427,1.9685865640640259,1.1536916494369507,0.8481128811836243,-1.8322474956512451,0.36618572473526,-0.0646057277917862,-0.4191652834415436
0.5650830864906311,0.7743167281150818,-0.24135881662368774,-0.9070425629615784,-0.26761361956596375,1.9708287715911865,1.1511318683624268,0.8511143326759338,-1.829803705215454,0.37000811100006104,-0.06359568238258362,-0.423703670501709
0.5671195983886719,0.7741398215293884,-0.245854914188385,-0.9083178639411926,-0.2689237892627716,1.9706155061721802,1.1544615030288696,0.8485137224197388,-1.8305273056030273,0.36998528242111206,-0.0594191700220108,-0.42148077487945557
0.5681971311569214,0.772983968257904,-0.24567383527755737,-0.9076523780822754,-0.2718822658061981,1.9724284410476685,1.1534045934677124,0.8503813743591309,-1.8311855792999268,0.37223896384239197,-0.057188987731933594,-0.420929878950119
0.5698140263557434,0.7726015448570251,-0.24403351545333862,-0.9076535701751709,-0.2768849730491638,1.9758530855178833,1.1490298509597778,0.8529811501502991,-1.8334412574768066,0.37758252024650574,-0.05813626945018768,-0.4236229956150055
0.569829523563385,0.7750760912895203,-0.2508622407913208,-0.9101964235305786,-0.27595871686935425,1.9781116247177124,1.1545885801315308,0.8473861813545227,-1.8365850448608398,0.3860514163970947,-0.057134851813316345,-0.42563769221305847
0.5697301626205444,0.7724764943122864,-0.24661797285079956,-0.9137125015258789,-0.2811759114265442,1.9778319597244263,1.1471432447433472,0.8465750217437744,-1.843611240386963,0.38203221559524536,-0.05932389199733734,-0.4230830669403076
0.5837414860725403,0.7787784337997437,-0.2446180284023285,-0.9226707220077515,-0.2958886921405792,1.9774872064590454,1.1430494785308838,0.838842511177063,-1.8493132591247559,0.3928166329860687,-0.0625573992729187,-0.4311050474643707
0.5601516962051392,0.7761945128440857,-0.25138628482818604,-0.9228209257125854,-0.2717042565345764,1.975138783454895,1.151976466178894,0.8294597864151001,-1.8542485237121582,0.3793194591999054,-0.060189977288246155,-0.4107363522052765
0.5542024970054626,0.7706812024116516,-0.2407422661781311,-0.9156908392906189,-0.2637147903442383,1.9698790311813354,1.1441487073898315,0.8384497761726379,-1.8429687023162842,0.3775544762611389,-0.06261320412158966,-0.41093528270721436
0.5586326718330383,0.7679172158241272,-0.2341029942035675,-0.9089970588684082,-0.267123818397522,1.9711802005767822,1.1345264911651611,0.8506558537483215,-1.8322875499725342,0.3826281428337097,-0.06626066565513611,-0.4224616587162018
0.5620412230491638,0.7661117911338806,-0.24172961711883545,-0.9084885120391846,-0.2647724449634552,1.9656085968017578,1.1414670944213867,0.848446786403656,-1.8257269859313965,0.3766982853412628,-0.06114751100540161,-0.4219028055667877
0.5655397772789001,0.7625567317008972,-0.2429628074169159,-0.9037990570068359,-0.26726266741752625,1.9648059606552124,1.1436855792999268,0.8541711568832397,-1.8198721408843994,0.37577348947525024,-0.05487334728240967,-0.42087575793266296
0.5691761374473572,0.7603842616081238,-0.2436789572238922,-0.8999531865119934,-0.2726953625679016,1.9655588865280151,1.1426504850387573,0.8605009913444519,-1.8163812160491943,0.37943050265312195,-0.050704225897789,-0.4228437840938568
0.5716246962547302,0.7596009373664856,-0.24695056676864624,-0.8995353579521179,-0.27587008476257324,1.9646565914154053,1.144579291343689,0.861416220664978,-1.815788745880127,0.3810144066810608,-0.04696528613567352,-0.42312031984329224
0.5732589364051819,0.7590860724449158,-0.24768123030662537,-0.8998776078224182,-0.2798807621002197,1.9654663801193237,1.144074559211731,0.862337589263916,-1.8180134296417236,0.38443946838378906,-0.04572473466396332,-0.4238414466381073
0.5734497308731079,0.7589614987373352,-0.247639000415802,-0.9016181826591492,-0.2830522060394287,1.9665988683700562,1.1422933340072632,0.86152583360672,-1.822265625,0.3880084753036499,-0.04705129563808441,-0.42470070719718933
0.5726074576377869,0.7591531872749329,-0.24637216329574585,-0.904127299785614,-0.28521206974983215,1.9683552980422974,1.1392678022384644,0.8596767783164978,-1.8276944160461426,0.39187538623809814,-0.050465911626815796,-0.42548760771751404
0.5705673694610596,0.7595462203025818,-0.2450917661190033,-0.9071923494338989,-0.285101056098938,1.9699294567108154,1.1365855932235718,0.8560530543327332,-1.8334379196166992,0.39522042870521545,-0.054132431745529175,-0.42447903752326965
0.5743383169174194,0.7679824233055115,-0.2544349133968353,-0.9133768677711487,-0.2925049960613251,1.9904779195785522,1.138880729675293,0.8513019680976868,-1.8430094718933105,0.4094989597797394,-0.04969578981399536,-0.4291001260280609
0.5679334402084351,0.7635706067085266,-0.2496015429496765,-0.9185389280319214,-0.2906307578086853,1.9762393236160278,1.1341676712036133,0.8421677350997925,-1.8515195846557617,0.40229108929634094,-0.0543440580368042,-0.4199753701686859
0.5588065981864929,0.7613793015480042,-0.24370026588439941,-0.9186465740203857,-0.278098464012146,1.966283917427063,1.132675290107727,0.8405126333236694,-1.846583366394043,0.39682066440582275,-0.059644028544425964,-0.4195970892906189
0.55925452709198,0.7605574727058411,-0.24123060703277588,-0.9155782461166382,-0.2699960768222809,1.953243374824524,1.1319284439086914,0.8415103554725647,-1.830090045928955,0.3985946476459503,-0.05737362802028656,-0.4276280105113983
0.5551831126213074,0.76095050573349,-0.245566725730896,-0.9052059054374695,-0.25382882356643677,1.955751895904541,1.1406090259552002,0.8453830480575562,-1.8183836936950684,0.38571345806121826,-0.04264135658740997,-0.40919482707977295
0.5644220113754272,0.7539458870887756,-0.2384430170059204,-0.8938388228416443,-0.26881280541419983,1.9618357419967651,1.130703330039978,0.8662087321281433,-1.8070518970489502,0.39114588499069214,-0.038560450077056885,-0.4179603159427643
0.5705429315567017,0.7528418302536011,-0.2449633777141571,-0.8940955400466919,-0.2737680673599243,1.9593758583068848,1.1361347436904907,0.8653873205184937,-1.805673360824585,0.3889918923377991,-0.03483855724334717,-0.41713371872901917
0.5739622116088867,0.7509328126907349,-0.2446649968624115,-0.894719660282135,-0.2816805839538574,1.9613364934921265,1.1351964473724365,0.8668612241744995,-1.8105850219726562,0.3913121819496155,-0.03555065393447876,-0.41681215167045593
0.5738474130630493,0.7504432201385498,-0.24363666772842407,-0.8976829051971436,-0.28679943084716797,1.9630759954452515,1.132078766822815,0.865029513835907,-1.8181307315826416,0.3948696553707123,-0.04007330536842346,-0.4168122708797455
0.571999192237854,0.7513657808303833,-0.2413419485092163,-0.9015676975250244,-0.2896960973739624,1.9652923345565796,1.1271917819976807,0.8621521592140198,-1.8259079456329346,0.3992665410041809,-0.04659968614578247,-0.4181363880634308
0.5694581866264343,0.752831220626831,-0.23897510766983032,-0.9054529666900635,-0.29079756140708923,1.9671024084091187,1.121925950050354,0.8589397072792053,-1.8321363925933838,0.40371841192245483,-0.05311925709247589,-0.4207846224308014
0.5678239464759827,0.7532990574836731,-0.23866385221481323,-0.9101077914237976,-0.29021352529525757,1.9620791673660278,1.1195592880249023,0.853070080280304,-1.8333828449249268,0.4108574092388153,-0.05668836832046509,-0.4279964864253998
0.5619465708732605,0.7559338212013245,-0.24471697211265564,-0.9124004244804382,-0.2762000560760498,1.9511862993240356,1.128027319908142,0.842662513256073,-1.82735276222229,0.40964049100875854,-0.049817219376564026,-0.4248846173286438
0.5589039325714111,0.756472647190094,-0.24714738130569458,-0.9040302634239197,-0.2683916687965393,1.9576315879821777,1.1325124502182007,0.8502212762832642,-1.820685625076294,0.39952555298805237,-0.03738582134246826,-0.4143013060092926
0.5649207234382629,0.7530667185783386,-0.240459144115448,-0.8950213193893433,-0.2789550721645355,1.9643315076828003,1.1232585906982422,0.8668806552886963,-1.8125531673431396,0.4081752598285675,-0.03440776467323303,-0.4214572310447693
0.5699982047080994,0.7534970045089722,-0.24633201956748962,-0.8957858085632324,-0.2837963104248047,1.963693618774414,1.1264809370040894,0.8666309714317322,-1.8113858699798584,0.4079172611236572,-0.0309295654296875,-0.42406928539276123
0.5737113952636719,0.7528790831565857,-0.24720260500907898,-0.8965882062911987,-0.2904842495918274,1.9666305780410767,1.1265734434127808,0.8677353858947754,-1.815192461013794,0.40987494587898254,-0.02987876534461975,-0.424925297498703
0.5745616555213928,0.7526882290840149,-0.2467450499534607,-0.8988765478134155,-0.29547983407974243,1.9697072505950928,1.1244744062423706,0.8665616512298584,-1.8218717575073242,0.4132671654224396,-0.032243430614471436,-0.42474907636642456
0.5731801390647888,0.7531684041023254,-0.24491822719573975,-0.9022175073623657,-0.2976095676422119,1.9727951288223267,1.1211317777633667,0.8635868430137634,-1.829411506652832,0.41667118668556213,-0.0370270311832428,-0.42400917410850525
0.5708655714988708,0.7541362047195435,-0.2422189712524414,-0.9059268236160278,-0.2979772388935089,1.9759918451309204,1.1168404817581177,0.8598762154579163,-1.8367464542388916,0.4202756881713867,-0.042810291051864624,-0.42322084307670593
0.5680675506591797,0.7553917169570923,-0.24048537015914917,-0.9096241593360901,-0.29697751998901367,1.9777458906173706,1.1132270097732544,0.8560344576835632,-1.842170000076294,0.4217560589313507,-0.047817036509513855,-0.42323774099349976
0.5672643780708313,0.7572800517082214,-0.24348372220993042,-0.9128612875938416,-0.29673120379447937,1.9758001565933228,1.1135603189468384,0.8533267378807068,-1.8427212238311768,0.4187098443508148,-0.047171398997306824,-0.42574021220207214
0.5661664009094238,0.7588209509849548,-0.24923402070999146,-0.91544508934021,-0.29301613569259644,1.967509150505066,1.1198009252548218,0.8497540950775146,-1.841554880142212,0.4115680158138275,-0.04393093287944794,-0.4252893626689911
0.5599256753921509,0.7590225338935852,-0.25259876251220703,-0.9111162424087524,-0.2789378762245178,1.9619102478027344,1.1279932260513306,0.8481238484382629,-1.8334105014801025,0.40679290890693665,-0.03367924690246582,-0.41378268599510193
0.56144118309021,0.7529242038726807,-0.2411327362060547,-0.8993569016456604,-0.2796975374221802,1.9688812494277954,1.1186511516571045,0.8618272542953491,-1.8233027458190918,0.41682642698287964,-0.031695812940597534,-0.4135942757129669
0.566811203956604,0.7509170174598694,-0.24104434251785278,-0.8972419500350952,-0.28640130162239075,1.9716463088989258,1.1144846677780151,0.8663799166679382,-1.819782018661499,0.4212411046028137,-0.03243541717529297,-0.4200628101825714
0.5764942765235901,0.7585150003433228,-0.24665826559066772,-0.8949630856513977,-0.2878378629684448,1.9746781587600708,1.1202749013900757,0.8700241446495056,-1.8079915046691895,0.4037627577781677,-0.014375150203704834,-0.4095788300037384
0.5762559771537781,0.7506731152534485,-0.24405121803283691,-0.896941065788269,-0.3016246557235718,1.9742337465286255,1.1157668828964233,0.871333122253418,-1.8201465606689453,0.41945698857307434,-0.02494022250175476,-0.4191116392612457
0.5743851065635681,0.7504604458808899,-0.2414596974849701,-0.9037947654724121,-0.30375462770462036,1.9754911661148071,1.1115723848342896,0.8635277152061462,-1.8325200080871582,0.4223901033401489,-0.036923617124557495,-0.4207870364189148
0.5723025798797607,0.747045636177063,-0.23778730630874634,-0.9117209911346436,-0.3060672879219055,1.9643052816390991,1.1061979532241821,0.8559985756874084,-1.8349895477294922,0.43159469962120056,-0.04927295446395874,-0.43771636486053467
0.5580884218215942,0.753483235836029,-0.24727526307106018,-0.9130386114120483,-0.2776036262512207,1.9587074518203735,1.1213173866271973,0.8413110375404358,-1.8329589366912842,0.41649380326271057,-0.04151570796966553,-0.4169174134731293
0.558233380317688,0.7485788464546204,-0.2366388440132141,-0.9010505080223083,-0.27909111976623535,1.9669485092163086,1.1118309497833252,0.8594030141830444,-1.822239637374878,0.41674715280532837,-0.03819131851196289,-0.4174763262271881
0.5626192688941956,0.7472062706947327,-0.2367750108242035,-0.8971542119979858,-0.28404733538627625,1.9681494235992432,1.1086903810501099,0.8663360476493835,-1.8165700435638428,0.4211108684539795,-0.03714644908905029,-0.4231043756008148
0.5659112334251404,0.7464790940284729,-0.241588294506073,-0.8974120616912842,-0.28603866696357727,1.966283917427063,1.1131970882415771,0.8662477731704712,-1.8144927024841309,0.4178540110588074,-0.0336286723613739,-0.42440494894981384
0.5682899355888367,0.7448611855506897,-0.24204224348068237,-0.896443247795105,-0.2900716960430145,1.9671183824539185,1.1138824224472046,0.868678629398346,-1.8153982162475586,0.41891011595726013,-0.0318983793258667,-0.42474326491355896
0.5688098073005676,0.7437438368797302,-0.2427377998828888,-0.8967577219009399,-0.2922384738922119,1.9674326181411743,1.114181637763977,0.8688176274299622,-1.817667007446289,0.42022350430488586,-0.03169944882392883,-0.42419588565826416
0.5683179497718811,0.7432066202163696,-0.24227410554885864,-0.8976402878761292,-0.2932940721511841,1.9680031538009644,1.1133407354354858,0.8683525323867798,-1.8205242156982422,0.422137588262558,-0.0330161452293396,-0.423899382352829
0.567139744758606,0.7429085373878479,-0.24134176969528198,-0.8989250659942627,-0.2934451699256897,1.9684823751449585,1.1118258237838745,0.8673433661460876,-1.8234648704528809,0.42390960454940796,-0.03537231683731079,-0.42403456568717957
0.5656026601791382,0.7426521182060242,-0.24009817838668823,-0.9001485109329224,-0.2928151488304138,1.9688655138015747,1.1100380420684814,0.8662119507789612,-1.8259530067443848,0.42535921931266785,-0.03810673952102661,-0.4243098795413971
0.5640110969543457,0.7423049807548523,-0.23889219760894775,-0.9009733200073242,-0.29153120517730713,1.96904456615448,1.1084145307540894,0.8652324080467224,-1.8275041580200195,0.42638736963272095,-0.040457844734191895,-0.42442020773887634
0.5627312064170837,0.741805374622345,-0.2379966378211975,-0.9011921882629395,-0.29000717401504517,1.9689961671829224,1.1072367429733276,0.8647239804267883,-1.8278677463531494,0.4270191788673401,-0.0418185293674469,-0.42435505986213684
0.5618835091590881,0.7411288022994995,-0.23759126663208008,-0.90074622631073,-0.28842025995254517,1.9686945676803589,1.1067334413528442,0.8647944331169128,-1.8270409107208252,0.42730462551116943,-0.04186809062957764,-0.4240247905254364
0.5615217089653015,0.7403026819229126,-0.23772820830345154,-0.8997222185134888,-0.2870602011680603,1.9680564403533936,1.1069023609161377,0.8654918670654297,-1.8252110481262207,0.4272875189781189,-0.04064175486564636,-0.42360803484916687
0.5618031024932861,0.7394062876701355,-0.2383209764957428,-0.8983417749404907,-0.28631776571273804,1.9672709703445435,1.107577919960022,0.8667173981666565,-1.8228676319122314,0.4272443950176239,-0.038427114486694336,-0.4232688844203949
0.5625720620155334,0.7385051250457764,-0.2392541468143463,-0.8968934416770935,-0.28627389669418335,1.9664689302444458,1.1085721254348755,0.8681814074516296,-1.8205630779266357,0.42729392647743225,-0.035679399967193604,-0.42300647497177124
0.5637152791023254,0.7372624278068542,-0.24005648493766785,-0.8957712650299072,-0.28682684898376465,1.9661234617233276,1.109940528869629,0.8697006702423096,-1.819087028503418,0.4260772466659546,-0.0331709086894989,-0.4227994382381439
0.564555823802948,0.7363194227218628,-0.24072423577308655,-0.8946122527122498,-0.28748413920402527,1.9653433561325073,1.1105777025222778,0.8709521293640137,-1.8179163932800293,0.4269881248474121,-0.03128346800804138,-0.4221283495426178
0.5652766227722168,0.7356618642807007,-0.2414810061454773,-0.8939778208732605,-0.28840383887290955,1.9648865461349487,1.1109483242034912,0.8717240691184998,-1.8174071311950684,0.42813625931739807,-0.029690593481063843,-0.42184141278266907
0.5657843351364136,0.7352883815765381,-0.24187594652175903,-0.8938508033752441,-0.28949588537216187,1.9648336172103882,1.1108438968658447,0.8721192479133606,-1.8177826404571533,0.429625540971756,-0.02887234091758728,-0.4218537509441376
0.566020131111145,0.7351093888282776,-0.24191606044769287,-0.8942452669143677,-0.2906638979911804,1.965113878250122,1.1101983785629272,0.8720617890357971,-1.819007158279419,0.43125373125076294,-0.028991878032684326,-0.42213329672813416
0.5657767057418823,0.7350386381149292,-0.2415480613708496,-0.8949927687644958,-0.2914658188819885,1.965619683265686,1.1091128587722778,0.8715456128120422,-1.8208057880401611,0.4328724443912506,-0.02996799349784851,-0.422367662191391
0.5652286410331726,0.7350135445594788,-0.24087348580360413,-0.8959067463874817,-0.2919384241104126,1.9662556648254395,1.107668161392212,0.8707997798919678,-1.822770595550537,0.4343968629837036,-0.03151378035545349,-0.4226413667201996
0.5643929243087769,0.7349987030029297,-0.24003082513809204,-0.8967639803886414,-0.29183727502822876,1.9668830633163452,1.106139898300171,0.8699309825897217,-1.8245019912719727,0.43571460247039795,-0.03322845697402954,-0.42272457480430603
0.5635004043579102,0.7349424362182617,-0.23916906118392944,-0.8973707556724548,-0.2913210391998291,1.9674185514450073,1.1046857833862305,0.8691775798797607,-1.8256678581237793,0.4368162453174591,-0.03469955921173096,-0.42265382409095764
0.5627751350402832,0.7348012924194336,-0.23853737115859985,-0.8976427316665649,-0.29063093662261963,1.9677830934524536,1.1035349369049072,0.8687160611152649,-1.8260939121246338,0.43761417269706726,-0.035565197467803955,-0.42254361510276794
0.5622789859771729,0.7345364689826965,-0.23816657066345215,-0.8975167870521545,-0.28988057374954224,1.9679490327835083,1.1027755737304688,0.8686293959617615,-1.8257973194122314,0.438154011964798,-0.03568717837333679,-0.4223228096961975
0.5620534420013428,0.7341731190681458,-0.23809319734573364,-0.8970348834991455,-0.2891922891139984,1.9678815603256226,1.1024227142333984,0.8689122796058655,-1.824873447418213,0.4384876787662506,-0.035079389810562134,-0.4220316708087921
0.571199893951416,0.7363047003746033,-0.24115100502967834,-0.8975724577903748,-0.293573260307312,1.9608535766601562,1.1050536632537842,0.8703979849815369,-1.8134751319885254,0.43549197912216187,-0.024175792932510376,-0.42760512232780457
0.5677949786186218,0.7348740696907043,-0.24534642696380615,-0.8947885036468506,-0.29323673248291016,1.967121958732605,1.109160304069519,0.8716966509819031,-1.8207519054412842,0.43858620524406433,-0.021595507860183716,-0.42181411385536194
0.5671514272689819,0.7334062457084656,-0.2431432008743286,-0.8939396142959595,-0.294170081615448,1.9686352014541626,1.1067255735397339,0.872359573841095,-1.8221726417541504,0.44098159670829773,-0.022323578596115112,-0.4187929630279541
0.5674335956573486,0.7338253855705261,-0.2402934432029724,-0.8948581218719482,-0.29709571599960327,1.9714370965957642,1.1020358800888062,0.8729874491691589,-1.82523512840271,0.4450738728046417,-0.026565521955490112,-0.42080581188201904
0.5660954713821411,0.7339737415313721,-0.23991864919662476,-0.8978931307792664,-0.2970309555530548,1.9706305265426636,1.1003321409225464,0.8699742555618286,-1.828014612197876,0.4454551339149475,-0.030777454376220703,-0.4229906499385834
0.5655832886695862,0.7333398461341858,-0.2384672462940216,-0.8997458219528198,-0.29729413986206055,1.9686485528945923,1.0981985330581665,0.8685181736946106,-1.828341007232666,0.4477829933166504,-0.03389382362365723,-0.4275325834751129
0.5636106729507446,0.7345064282417297,-0.24133789539337158,-0.9005638957023621,-0.29167473316192627,1.9658693075180054,1.1018189191818237,0.8645509481430054,-1.8267834186553955,0.4458688199520111,-0.03099912405014038,-0.42459341883659363
0.5629786252975464,0.7342279553413391,-0.24087798595428467,-0.8972356915473938,-0.2893991470336914,1.9677504301071167,1.1021257638931274,0.8678266406059265,-1.8232100009918213,0.4441815912723541,-0.02685236930847168,-0.42156150937080383
0.5654202699661255,0.7333371043205261,-0.23849079012870789,-0.8940811157226562,-0.2941596508026123,1.972277283668518,1.0977929830551147,0.8743188381195068,-1.8219282627105713,0.44690075516700745,-0.026680022478103638,-0.42396828532218933
0.5665120482444763,0.732810378074646,-0.24056756496429443,-0.8954068422317505,-0.2957931160926819,1.9716404676437378,1.0987695455551147,0.8730844855308533,-1.8232085704803467,0.44606640934944153,-0.027012169361114502,-0.4241376519203186
0.5669443607330322,0.7320329546928406,-0.2396862506866455,-0.896232545375824,-0.2977680563926697,1.972493290901184,1.0976077318191528,0.8729381561279297,-1.8258678913116455,0.44689178466796875,-0.028846770524978638,-0.42405402660369873
0.5661751627922058,0.7304784059524536,-0.2392655611038208,-0.8977537751197815,-0.2981375455856323,1.9694981575012207,1.0966664552688599,0.8714088201522827,-1.8263344764709473,0.44869670271873474,-0.03098773956298828,-0.4267215430736542
0.5654082298278809,0.7307778000831604,-0.24046289920806885,-0.8982422947883606,-0.29525676369667053,1.9677225351333618,1.0983535051345825,0.8693438172340393,-1.825514793395996,0.4486432373523712,-0.029595881700515747,-0.425642192363739
0.5649617910385132,0.730600118637085,-0.2404595911502838,-0.8964828252792358,-0.2935728132724762,1.9682810306549072,1.0985784530639648,0.870934784412384,-1.8232598304748535,0.44835135340690613,-0.027075350284576416,-0.4242052137851715
0.5662045478820801,0.7304466962814331,-0.23913925886154175,-0.8943314552307129,-0.29592788219451904,1.9716933965682983,1.0959306955337524,0.8750739097595215,-1.822641372680664,0.4497048556804657,-0.02669927477836609,-0.42490002512931824
0.5666908621788025,0.7297900319099426,-0.24014616012573242,-0.8951128721237183,-0.29725825786590576,1.9714914560317993,1.095938801765442,0.8745456337928772,-1.8238825798034668,0.44967272877693176,-0.027204930782318115,-0.4248356521129608
0.5671594142913818,0.7286309599876404,-0.23975950479507446,-0.8962839841842651,-0.2990526556968689,1.9700862169265747,1.0950995683670044,0.8739024996757507,-1.825078010559082,0.4511933922767639,-0.02879396080970764,-0.4269045889377594
0.5666115283966064,0.7283031344413757,-0.24087274074554443,-0.8973754644393921,-0.29757267236709595,1.9677362442016602,1.096418023109436,0.8715901374816895,-1.8251097202301025,0.4518108367919922,-0.02822268009185791,-0.42672014236450195
0.5657916069030762,0.7283646464347839,-0.24155792593955994,-0.8966524600982666,-0.2952864170074463,1.966739296913147,1.0975598096847534,0.8714824914932251,-1.823390007019043,0.4513757824897766,-0.02594214677810669,-0.42540502548217773
0.5665959715843201,0.7281153202056885,-0.2404313087463379,-0.8944364786148071,-0.2963319420814514,1.969485878944397,1.0958260297775269,0.8750042915344238,-1.822098970413208,0.4523979723453522,-0.024508804082870483,-0.4251987040042877
0.5676257014274597,0.7279583215713501,-0.2401423156261444,-0.8941569328308105,-0.2990284562110901,1.971148133277893,1.0938678979873657,0.876741886138916,-1.8230528831481934,0.45379483699798584,-0.025400787591934204,-0.4265361726284027
0.5682033896446228,0.7270963788032532,-0.24082159996032715,-0.8958492279052734,-0.30061936378479004,1.9701050519943237,1.0938411951065063,0.8750841021537781,-1.824878215789795,0.45498186349868774,-0.026422470808029175,-0.4275992810726166
0.5674867630004883,0.7268389463424683,-0.24206066131591797,-0.8974803686141968,-0.2995087206363678,1.9669898748397827,1.0952671766281128,0.8723568320274353,-1.8253016471862793,0.45528075098991394,-0.026236772537231445,-0.4280308187007904
0.5661160349845886,0.7270480990409851,-0.24333518743515015,-0.8972342014312744,-0.29633182287216187,1.9647647142410278,1.0973559617996216,0.871188759803772,-1.823711633682251,0.4539402425289154,-0.023785769939422607,-0.42627963423728943
0.5661798715591431,0.7266876101493835,-0.24242013692855835,-0.894708514213562,-0.29592907428741455,1.966480016708374,1.0965477228164673,0.8743881583213806,-1.821636438369751,0.45374423265457153,-0.021657675504684448,-0.42500510811805725
0.5683243274688721,0.7261671423912048,-0.2406005859375,-0.8930749893188477,-0.3001248240470886,1.9705207347869873,1.092987298965454,0.8785120844841003,-1.8222002983093262,0.45622965693473816,-0.022525697946548462,-0.4265061914920807
0.5686317086219788,0.7253212332725525,-0.24118447303771973,-0.8947977423667908,-0.30223000049591064,1.96950364112854,1.0921415090560913,0.8773896098136902,-1.8240432739257812,0.4571099579334259,-0.024898171424865723,-0.4286562502384186
0.5683875679969788,0.725036084651947,-0.24293124675750732,-0.8973588347434998,-0.30149295926094055,1.9661458730697632,1.0941661596298218,0.8733637928962708,-1.8257606029510498,0.4571060538291931,-0.025312304496765137,-0.4286626875400543
0.5663657784461975,0.7248561978340149,-0.24432307481765747,-0.8976652026176453,-0.29768574237823486,1.9622036218643188,1.0967456102371216,0.8711665868759155,-1.8239569664001465,0.4558273255825043,-0.02314162254333496,-0.4272950291633606
0.5800809860229492,0.7328401207923889,-0.2557317614555359,-0.8992955684661865,-0.3101814389228821,1.9759052991867065,1.1029795408248901,0.8735596537590027,-1.8177738189697266,0.466778427362442,-0.00587877631187439,-0.4388761818408966
0.572453498840332,0.7269544005393982,-0.25509899854660034,-0.8980270624160767,-0.30722710490226746,1.9706729650497437,1.104109287261963,0.8704882264137268,-1.8299808502197266,0.45586031675338745,-0.005831003189086914,-0.4201928377151489
0.5703920125961304,0.7209486365318298,-0.24613597989082336,-0.897175133228302,-0.30847060680389404,1.9612270593643188,1.0973587036132812,0.8745649456977844,-1.8250706195831299,0.45971280336380005,-0.014134377241134644,-0.4290519952774048
0.5780059099197388,0.7234663963317871,-0.24576044082641602,-0.8984158635139465,-0.3137321472167969,1.9580804109573364,1.0942789316177368,0.8766311407089233,-1.8204524517059326,0.46397221088409424,-0.016085118055343628,-0.4420088529586792
0.5673609972000122,0.7284720540046692,-0.2584265172481537,-0.8982928991317749,-0.2909090518951416,1.9513050317764282,1.111871361732483,0.8640902042388916,-1.8172929286956787,0.4497685730457306,-0.004370838403701782,-0.4198658764362335
0.5680074095726013,0.7212745547294617,-0.24744462966918945,-0.8864960670471191,-0.29619264602661133,1.9605202674865723,1.102421522140503,0.8824343681335449,-1.8101086616516113,0.44865110516548157,-0.0016936063766479492,-0.4180458188056946
0.5726572871208191,0.7196313738822937,-0.2449289858341217,-0.8852958083152771,-0.3044201135635376,1.962638020515442,1.0965063571929932,0.8871523141860962,-1.810793161392212,0.4544042944908142,-0.006857037544250488,-0.42282935976982117
0.574005126953125,0.719648003578186,-0.24645793437957764,-0.8895793557167053,-0.3072332739830017,1.9622927904129028,1.0969711542129517,0.8829622268676758,-1.8162376880645752,0.4520858824253082,-0.012174159288406372,-0.4234497845172882
0.5738936066627502,0.7191924452781677,-0.2433178424835205,-0.8925458192825317,-0.31164199113845825,1.9650532007217407,1.0924888849258423,0.8817954659461975,-1.823538064956665,0.4539644718170166,-0.019508928060531616,-0.42469194531440735
0.5724973082542419,0.7200095653533936,-0.24305623769760132,-0.89583420753479,-0.31323814392089844,1.9644333124160767,1.0895905494689941,0.8795813322067261,-1.8266761302947998,0.4551377594470978,-0.024091124534606934,-0.4283095896244049
0.5731183290481567,0.724182665348053,-0.2473554015159607,-0.8964303731918335,-0.3119799494743347,1.9640980958938599,1.091719150543213,0.8793523907661438,-1.823298692703247,0.45111584663391113,-0.017725497484207153,-0.42770877480506897
0.5823266506195068,0.7308111786842346,-0.2565641403198242,-0.8958531022071838,-0.32167044281959534,1.963178038597107,1.0959267616271973,0.8838502168655396,-1.815725564956665,0.4508120119571686,-0.0032453536987304688,-0.43517187237739563
0.5744386911392212,0.7318745255470276,-0.2615009844303131,-0.8943256139755249,-0.3093816637992859,1.95889413356781,1.1059545278549194,0.8774546980857849,-1.8167297840118408,0.45408424735069275,0.005930781364440918,-0.42166009545326233
0.5733668208122253,0.7255430221557617,-0.24690979719161987,-0.8879894018173218,-0.31253325939178467,1.9693223237991333,1.0934350490570068,0.8848003149032593,-1.8193950653076172,0.4660843014717102,0.00037238001823425293,-0.4195972979068756
0.5740605592727661,0.7254157662391663,-0.24473357200622559,-0.8933873176574707,-0.3164713978767395,1.9697903394699097,1.0877660512924194,0.8802865147590637,-1.8249447345733643,0.46919286251068115,-0.01009264588356018,-0.42621830105781555
0.5726171731948853,0.7242739200592041,-0.24209296703338623,-0.8996975421905518,-0.3172153830528259,1.963775873184204,1.0849316120147705,0.8744986653327942,-1.8274157047271729,0.47100532054901123,-0.019707679748535156,-0.4371018707752228
0.5814857482910156,0.7308111786842346,-0.2519072890281677,-0.9058153629302979,-0.3226029872894287,1.9582511186599731,1.0919743776321411,0.868601381778717,-1.8243002891540527,0.4624600112438202,-0.012182295322418213,-0.44456592202186584
0.5758784413337708,0.7323786020278931,-0.261914998292923,-0.9046733975410461,-0.30979934334754944,1.9499210119247437,1.1081622838974,0.8607046604156494,-1.8197131156921387,0.4529910683631897,0.0023934543132781982,-0.4297741949558258
0.5645985007286072,0.7276732921600342,-0.2533094584941864,-0.8904410600662231,-0.2935486435890198,1.9520381689071655,1.1076548099517822,0.8713610768318176,-1.8065590858459473,0.4535163938999176,0.010763943195343018,-0.4151730537414551
0.5709970593452454,0.7247318625450134,-0.24309200048446655,-0.8802735209465027,-0.3048781752586365,1.965743899345398,1.0929763317108154,0.8903140425682068,-1.801025152206421,0.46099719405174255,0.008717060089111328,-0.422259658575058
0.5739355683326721,0.7240332961082458,-0.24909335374832153,-0.8856066465377808,-0.30726683139801025,1.9617698192596436,1.0980180501937866,0.884394645690918,-1.8039255142211914,0.45302724838256836,0.004681944847106934,-0.42345061898231506
0.5751780271530151,0.7222585082054138,-0.24455797672271729,-0.8884502053260803,-0.31372660398483276,1.9644606113433838,1.0941517353057861,0.8844363689422607,-1.8124372959136963,0.4531063735485077,-0.004134237766265869,-0.42490580677986145
0.5717183947563171,0.7211658358573914,-0.24076414108276367,-0.8924285173416138,-0.3144144117832184,1.9661542177200317,1.0896333456039429,0.8805113434791565,-1.8215579986572266,0.4537811875343323,-0.014830678701400757,-0.42378702759742737
0.568715512752533,0.7193058133125305,-0.23757925629615784,-0.8973848819732666,-0.31455573439598083,1.959187388420105,1.0852495431900024,0.8759779334068298,-1.8235669136047363,0.45882004499435425,-0.024304568767547607,-0.4333580434322357
0.5730444192886353,0.7224612236022949,-0.2410578727722168,-0.9006361961364746,-0.31580233573913574,1.9545754194259644,1.087290644645691,0.8729832768440247,-1.8199365139007568,0.4601634442806244,-0.02192440629005432,-0.4428841173648834
0.569763720035553,0.7268556952476501,-0.25047290325164795,-0.8983141779899597,-0.302700400352478,1.947548508644104,1.1001849174499512,0.867957592010498,-1.8094639778137207,0.45441141724586487,-0.0059340596199035645,-0.4343107044696808
0.5658508539199829,0.7239019274711609,-0.24655532836914062,-0.8847691416740417,-0.29697418212890625,1.9613252878189087,1.0999776124954224,0.8821470141410828,-1.8038585186004639,0.4505891501903534,0.004898577928543091,-0.42007696628570557
0.5690279006958008,0.7209153175354004,-0.24338093400001526,-0.8806936740875244,-0.3041548430919647,1.9632923603057861,1.0943855047225952,0.8899826407432556,-1.8012974262237549,0.4566909074783325,0.004895836114883423,-0.4223134219646454
0.5709049105644226,0.7210230231285095,-0.24620825052261353,-0.884171724319458,-0.3064836859703064,1.9608937501907349,1.0970476865768433,0.8867555856704712,-1.804173469543457,0.45323559641838074,0.0029227137565612793,-0.4236123263835907
0.5698730945587158,0.7200322151184082,-0.24258750677108765,-0.8877002000808716,-0.3092859983444214,1.9621261358261108,1.0942801237106323,0.8850429654121399,-1.8129589557647705,0.45416244864463806,-0.006233483552932739,-0.4248608350753784
0.56602942943573,0.7192363142967224,-0.23879045248031616,-0.8909498453140259,-0.30859968066215515,1.9631270170211792,1.089720606803894,0.8814632892608643,-1.8202698230743408,0.4552667438983917,-0.015785187482833862,-0.42429572343826294
0.5622128248214722,0.7176520228385925,-0.2363176941871643,-0.8942951560020447,-0.30600643157958984,1.9565664529800415,1.0867613554000854,0.8773943781852722,-1.820152997970581,0.4586986005306244,-0.0227278470993042,-0.43111124634742737
0.5593686699867249,0.7194206118583679,-0.23590916395187378,-0.8924592733383179,-0.2984747588634491,1.9564062356948853,1.0873687267303467,0.8774356245994568,-1.815298318862915,0.4575932025909424,-0.02134162187576294,-0.43106064200401306
0.5594116449356079,0.7199971675872803,-0.23660582304000854,-0.8882954120635986,-0.2960720658302307,1.9607640504837036,1.0879652500152588,0.8812716603279114,-1.8120098114013672,0.45560240745544434,-0.016725599765777588,-0.42706549167633057
0.5599882006645203,0.7183709144592285,-0.23848414421081543,-0.8862698674201965,-0.2961273789405823,1.9597162008285522,1.090224266052246,0.8829286098480225,-1.8091633319854736,0.4546281695365906,-0.012575894594192505,-0.4251384437084198
0.5610760450363159,0.7174445390701294,-0.23974308371543884,-0.8848479986190796,-0.29672712087631226,1.9584906101226807,1.0923799276351929,0.8844738602638245,-1.807232141494751,0.4540608525276184,-0.009167253971099854,-0.4243921935558319
0.5619670748710632,0.7166163921356201,-0.2406885027885437,-0.8840411901473999,-0.2978299856185913,1.9574702978134155,1.093815565109253,0.8856789469718933,-1.8065757751464844,0.45392781496047974,-0.007012367248535156,-0.42434510588645935
0.5624626278877258,0.7159975171089172,-0.2411482334136963,-0.8838356137275696,-0.2989628314971924,1.9568852186203003,1.0945398807525635,0.8862709403038025,-1.8071255683898926,0.45428791642189026,-0.006196916103363037,-0.4244522750377655
0.5624701976776123,0.7155680060386658,-0.24115824699401855,-0.8841387033462524,-0.2998514175415039,1.9566839933395386,1.0946037769317627,0.8862544894218445,-1.8085346221923828,0.45497217774391174,-0.006530195474624634,-0.4245761036872864
0.5620549917221069,0.7153169512748718,-0.240787535905838,-0.8847689628601074,-0.3003758192062378,1.9568002223968506,1.0941323041915894,0.8858131170272827,-1.8103952407836914,0.4558420777320862,-0.0076770782470703125,-0.42471256852149963
0.5610941648483276,0.7151736617088318,-0.2401072084903717,-0.8854557871818542,-0.30009132623672485,1.9570238590240479,1.0933908224105835,0.8850447535514832,-1.812218189239502,0.4567238390445709,-0.009232312440872192,-0.4245532155036926
0.5600590109825134,0.7150738835334778,-0.23937231302261353,-0.8860288858413696,-0.29948970675468445,1.957217812538147,1.0925369262695312,0.8843377232551575,-1.813568115234375,0.4574585258960724,-0.010714113712310791,-0.4245097041130066
0.5590561628341675,0.714974582195282,-0.23877376317977905,-0.8863221406936646,-0.2985270619392395,1.957300066947937,1.0919098854064941,0.8837904930114746,-1.8142499923706055,0.45794185996055603,-0.01171693205833435,-0.42437639832496643
0.5582889914512634,0.7147915959358215,-0.23839449882507324,-0.8862386345863342,-0.29750531911849976,1.9572428464889526,1.0915791988372803,0.8835978507995605,-1.8142039775848389,0.4582039713859558,-0.01202249526977539,-0.42419466376304626
0.5578604340553284,0.7145466804504395,-0.2383413314819336,-0.8858083486557007,-0.29659557342529297,1.9570385217666626,1.0916553735733032,0.883757472038269,-1.8135218620300293,0.4582779109477997,-0.011546999216079712,-0.4239649474620819
0.5577922463417053,0.7142267823219299,-0.2385936677455902,-0.8851121068000793,-0.29597678780555725,1.9567276239395142,1.0920852422714233,0.8842479586601257,-1.812424898147583,0.4582543969154358,-0.010383367538452148,-0.4237246811389923
0.5580838918685913,0.71387779712677,-0.23908716440200806,-0.8843076825141907,-0.2957955002784729,1.9564002752304077,1.092756748199463,0.8849591612815857,-1.8112332820892334,0.45825526118278503,-0.008776545524597168,-0.4235355854034424
0.5585993528366089,0.7135414481163025,-0.23970535397529602,-0.8835527896881104,-0.2960279583930969,1.956146478652954,1.0935131311416626,0.8857316970825195,-1.8102507591247559,0.4583800435066223,-0.0070493221282958984,-0.42339026927948
0.5592160224914551,0.7132402658462524,-0.24028974771499634,-0.8830059766769409,-0.2966481149196625,1.956039547920227,1.0941485166549683,0.8864230513572693,-1.8097450733184814,0.4586549401283264,-0.005555003881454468,-0.423336923122406
0.5596824288368225,0.7130184769630432,-0.24070453643798828,-0.8827390670776367,-0.29733821749687195,1.9561073780059814,1.0945672988891602,0.886837899684906,-1.8098223209381104,0.45913076400756836,-0.004557818174362183,-0.4232337176799774
0.5598904490470886,0.7128562331199646,-0.24085476994514465,-0.8827564716339111,-0.29796820878982544,1.9563082456588745,1.0946437120437622,0.8869697451591492,-1.8104007244110107,0.4597339332103729,-0.004182010889053345,-0.4231475293636322
0.5599263310432434,0.7127842307090759,-0.24077659845352173,-0.8830499649047852,-0.2985609769821167,1.9566458463668823,1.094377040863037,0.8868551254272461,-1.8113670349121094,0.46040424704551697,-0.0043836236000061035,-0.4232007563114166
